AK,1959,5
AK,1961,6
AK,1943,5
AK,1951,5
AK,1952,6
AK,1954,7
AK,1955,10
AK,1956,12
AK,1957,7
AK,1958,8
AK,1959,7
AK,1960,11
AK,1961,15
AK,1962,12
AK,1963,9
AK,1964,11
AK,1965,12
AK,1966,5
AK,1968,5
AK,1969,9
AK,1970,10
AK,1971,8
AK,1973,9
AK,1975,8
AK,1979,5
AL,1948,6
AL,1956,5
AL,1957,8
AL,1958,9
AL,1959,6
AL,1960,6
AL,1961,12
AL,1962,7
AL,1963,8
AL,1964,13
AL,1965,13
AL,1966,6
AL,1968,5
AL,1970,6
AL,1975,9
AL,1921,7
AL,1936,5
AL,1943,6
AL,1945,7
AL,1946,7
AL,1947,7
AL,1948,9
AL,1949,8
AL,1950,9
AL,1951,13
AL,1952,13
AL,1953,16
AL,1954,23
AL,1955,19
AL,1956,31
AL,1957,29
AL,1958,50
AL,1959,66
AL,1960,97
AL,1961,92
AL,1962,77
AL,1963,81
AL,1964,88
AL,1965,100
AL,1966,105
AL,1967,84
AL,1968,75
AL,1969,81
AL,1970,72
AL,1971,77
AL,1972,82
AL,1973,69
AL,1974,67
AL,1975,53
AL,1976,49
AL,1977,40
AL,1978,25
AL,1979,30
AL,1980,25
AL,1981,13
AL,1982,18
AL,1983,16
AL,1984,14
AL,1985,12
AL,1986,8
AL,1987,6
AL,1988,10
AL,1995,5
AL,1998,5
AL,1999,7
AL,2001,6
AL,2002,5
AL,2003,5
AL,2005,8
AL,2006,8
AL,2007,6
AL,2008,13
AL,2009,9
AL,2013,7
AL,2014,5
AL,2015,6
AR,1955,5
AR,1957,6
AR,1959,5
AR,1961,9
AR,1962,6
AR,1964,10
AR,1965,6
AR,1968,5
AR,1969,9
AR,1972,7
AR,1920,5
AR,1924,5
AR,1926,6
AR,1931,5
AR,1933,5
AR,1943,7
AR,1944,8
AR,1947,6
AR,1948,8
AR,1949,11
AR,1950,15
AR,1951,15
AR,1952,5
AR,1953,6
AR,1954,11
AR,1955,15
AR,1956,12
AR,1957,16
AR,1958,34
AR,1959,27
AR,1960,49
AR,1961,58
AR,1962,73
AR,1963,49
AR,1964,54
AR,1965,64
AR,1966,55
AR,1967,56
AR,1968,53
AR,1969,60
AR,1970,78
AR,1971,78
AR,1972,63
AR,1973,71
AR,1974,46
AR,1975,40
AR,1976,38
AR,1977,28
AR,1978,32
AR,1979,15
AR,1980,12
AR,1981,20
AR,1982,8
AR,1983,9
AR,1984,10
AR,1985,11
AR,1987,5
AR,2000,7
AR,2002,5
AR,2004,6
AR,2005,7
AR,2006,7
AR,2007,6
AR,2008,8
AR,2009,6
AR,2010,7
AR,2013,5
AR,2015,7
AZ,1951,5
AZ,1953,5
AZ,1955,5
AZ,1956,5
AZ,1957,7
AZ,1958,19
AZ,1959,13
AZ,1960,13
AZ,1961,14
AZ,1962,10
AZ,1963,21
AZ,1964,7
AZ,1965,8
AZ,1966,10
AZ,1967,6
AZ,1970,7
AZ,1971,5
AZ,1938,5
AZ,1944,8
AZ,1945,7
AZ,1946,9
AZ,1947,9
AZ,1948,7
AZ,1949,16
AZ,1950,11
AZ,1951,7
AZ,1952,9
AZ,1953,18
AZ,1954,17
AZ,1955,13
AZ,1956,24
AZ,1957,26
AZ,1958,35
AZ,1959,59
AZ,1960,60
AZ,1961,84
AZ,1962,74
AZ,1963,53
AZ,1964,61
AZ,1965,59
AZ,1966,56
AZ,1967,51
AZ,1968,61
AZ,1969,67
AZ,1970,62
AZ,1971,66
AZ,1972,48
AZ,1973,31
AZ,1974,32
AZ,1975,29
AZ,1976,22
AZ,1977,17
AZ,1978,17
AZ,1979,13
AZ,1980,13
AZ,1981,14
AZ,1982,7
AZ,1983,9
AZ,1984,10
AZ,1985,15
AZ,1986,5
AZ,1987,6
AZ,1988,8
AZ,1989,6
AZ,1990,10
AZ,1991,5
AZ,1993,6
AZ,1994,8
AZ,1995,9
AZ,1996,9
AZ,1997,13
AZ,1998,20
AZ,1999,11
AZ,2000,13
AZ,2001,13
AZ,2002,14
AZ,2003,5
AZ,2004,15
AZ,2005,25
AZ,2006,19
AZ,2007,22
AZ,2008,16
AZ,2009,17
AZ,2010,17
AZ,2011,10
AZ,2012,16
AZ,2013,5
AZ,2014,7
AZ,2015,12
AZ,2016,6
CA,1928,5
CA,1936,6
CA,1939,5
CA,1940,6
CA,1941,6
CA,1942,14
CA,1943,14
CA,1944,25
CA,1945,31
CA,1946,35
CA,1947,83
CA,1948,87
CA,1949,44
CA,1950,42
CA,1951,37
CA,1952,56
CA,1953,42
CA,1954,49
CA,1955,70
CA,1956,73
CA,1957,118
CA,1958,139
CA,1959,169
CA,1960,176
CA,1961,193
CA,1962,188
CA,1963,160
CA,1964,167
CA,1965,124
CA,1966,83
CA,1967,81
CA,1968,66
CA,1969,52
CA,1970,50
CA,1971,30
CA,1972,23
CA,1973,19
CA,1974,12
CA,1975,16
CA,1976,14
CA,1977,14
CA,1978,10
CA,1979,18
CA,1980,12
CA,1981,8
CA,1982,17
CA,1983,6
CA,1984,5
CA,1985,11
CA,1986,15
CA,1987,7
CA,1988,8
CA,1990,5
CA,1991,5
CA,1992,6
CA,1993,9
CA,1994,6
CA,1995,5
CA,1996,6
CA,2002,5
CA,1912,6
CA,1913,8
CA,1914,12
CA,1915,7
CA,1916,9
CA,1917,5
CA,1918,13
CA,1919,7
CA,1920,13
CA,1921,8
CA,1922,7
CA,1923,11
CA,1924,19
CA,1925,14
CA,1926,19
CA,1927,14
CA,1928,16
CA,1929,6
CA,1930,15
CA,1931,17
CA,1932,14
CA,1933,5
CA,1934,7
CA,1935,19
CA,1936,16
CA,1937,13
CA,1938,26
CA,1939,26
CA,1940,38
CA,1941,41
CA,1942,52
CA,1943,69
CA,1944,87
CA,1945,101
CA,1946,155
CA,1947,208
CA,1948,236
CA,1949,237
CA,1950,216
CA,1951,219
CA,1952,239
CA,1953,209
CA,1954,202
CA,1955,251
CA,1956,299
CA,1957,385
CA,1958,557
CA,1959,699
CA,1960,808
CA,1961,977
CA,1962,827
CA,1963,787
CA,1964,703
CA,1965,620
CA,1966,569
CA,1967,512
CA,1968,515
CA,1969,464
CA,1970,518
CA,1971,434
CA,1972,316
CA,1973,230
CA,1974,206
CA,1975,170
CA,1976,132
CA,1977,116
CA,1978,125
CA,1979,101
CA,1980,108
CA,1981,85
CA,1982,56
CA,1983,72
CA,1984,76
CA,1985,78
CA,1986,71
CA,1987,68
CA,1988,71
CA,1989,85
CA,1990,93
CA,1991,123
CA,1992,100
CA,1993,95
CA,1994,79
CA,1995,126
CA,1996,129
CA,1997,136
CA,1998,145
CA,1999,155
CA,2000,130
CA,2001,154
CA,2002,163
CA,2003,182
CA,2004,148
CA,2005,160
CA,2006,169
CA,2007,196
CA,2008,205
CA,2009,182
CA,2010,111
CA,2011,138
CA,2012,138
CA,2013,125
CA,2014,121
CA,2015,121
CA,2016,106
CO,1947,6
CO,1948,6
CO,1952,7
CO,1953,7
CO,1954,9
CO,1955,11
CO,1956,10
CO,1957,20
CO,1958,30
CO,1959,18
CO,1960,36
CO,1961,20
CO,1962,19
CO,1963,17
CO,1964,27
CO,1965,19
CO,1966,11
CO,1967,10
CO,1968,7
CO,1970,7
CO,1971,5
CO,1918,6
CO,1920,5
CO,1928,6
CO,1929,5
CO,1932,7
CO,1934,5
CO,1935,5
CO,1936,7
CO,1937,7
CO,1938,6
CO,1940,9
CO,1941,6
CO,1942,9
CO,1943,11
CO,1944,15
CO,1945,8
CO,1946,14
CO,1947,15
CO,1948,35
CO,1949,27
CO,1950,29
CO,1951,24
CO,1952,27
CO,1953,34
CO,1954,35
CO,1955,33
CO,1956,46
CO,1957,42
CO,1958,71
CO,1959,84
CO,1960,114
CO,1961,137
CO,1962,127
CO,1963,122
CO,1964,103
CO,1965,74
CO,1966,80
CO,1967,68
CO,1968,62
CO,1969,89
CO,1970,67
CO,1971,57
CO,1972,50
CO,1973,39
CO,1974,31
CO,1975,27
CO,1976,19
CO,1977,25
CO,1978,28
CO,1979,15
CO,1980,11
CO,1981,15
CO,1982,10
CO,1983,10
CO,1985,5
CO,1986,5
CO,1987,7
CO,1988,7
CO,1989,6
CO,1993,5
CO,1995,6
CO,1996,7
CO,1998,8
CO,1999,8
CO,2000,10
CO,2001,5
CO,2002,10
CO,2003,8
CO,2004,8
CO,2005,8
CO,2006,15
CO,2007,15
CO,2008,11
CO,2009,19
CO,2010,8
CO,2012,7
CO,2013,6
CO,2015,5
CT,1953,5
CT,1957,17
CT,1958,9
CT,1959,12
CT,1960,20
CT,1961,18
CT,1962,9
CT,1963,9
CT,1964,11
CT,1965,6
CT,1966,7
CT,1967,10
CT,1968,8
CT,1969,5
CT,1970,9
CT,1936,5
CT,1940,5
CT,1942,6
CT,1946,11
CT,1947,12
CT,1949,11
CT,1950,7
CT,1951,5
CT,1952,8
CT,1953,12
CT,1954,10
CT,1955,14
CT,1956,26
CT,1957,38
CT,1958,50
CT,1959,59
CT,1960,87
CT,1961,75
CT,1962,63
CT,1963,66
CT,1964,42
CT,1965,58
CT,1966,53
CT,1967,55
CT,1968,41
CT,1969,50
CT,1970,22
CT,1971,27
CT,1972,29
CT,1973,13
CT,1974,18
CT,1975,19
CT,1976,12
CT,1977,16
CT,1978,9
CT,1979,8
CT,1980,9
CT,1984,6
CT,1985,9
CT,1986,7
CT,1988,6
CT,1989,9
CT,1991,7
CT,1994,5
CT,1998,6
CT,1999,5
CT,2001,7
CT,2002,7
CT,2003,7
CT,2004,8
CT,2006,16
CT,2007,11
CT,2008,12
CT,2009,5
CT,2011,6
CT,2012,7
CT,2013,6
CT,2014,7
CT,2015,6
CT,2016,6
DC,1958,6
DC,1959,5
DC,1960,10
DC,1961,6
DC,1963,5
DC,1964,5
DC,1941,5
DC,1943,5
DC,1945,10
DC,1946,9
DC,1947,9
DC,1948,6
DC,1949,11
DC,1950,7
DC,1951,7
DC,1952,8
DC,1953,8
DC,1954,8
DC,1955,9
DC,1956,9
DC,1957,17
DC,1958,33
DC,1959,30
DC,1960,37
DC,1961,40
DC,1962,32
DC,1963,25
DC,1964,39
DC,1965,25
DC,1966,16
DC,1967,21
DC,1968,13
DC,1969,15
DC,1970,20
DC,1971,13
DC,1972,9
DC,1974,10
DC,1976,5
DC,1977,7
DC,1980,8
DC,1984,6
DC,1985,6
DC,1991,5
DC,1994,5
DC,2007,7
DC,2012,6
DE,1960,6
DE,1963,7
DE,1955,9
DE,1957,6
DE,1958,10
DE,1959,10
DE,1960,20
DE,1961,10
DE,1962,18
DE,1963,12
DE,1964,12
DE,1965,7
DE,1966,9
DE,1967,6
DE,1968,7
DE,1969,11
DE,1970,11
DE,1971,5
DE,2008,9
FL,1946,5
FL,1950,6
FL,1951,5
FL,1953,7
FL,1954,8
FL,1955,8
FL,1956,6
FL,1957,14
FL,1958,24
FL,1959,15
FL,1960,27
FL,1961,35
FL,1962,24
FL,1963,21
FL,1964,26
FL,1965,20
FL,1966,18
FL,1967,11
FL,1968,11
FL,1969,15
FL,1970,8
FL,1971,7
FL,1972,5
FL,1973,8
FL,1974,8
FL,1975,9
FL,1976,7
FL,1978,6
FL,1979,5
FL,1985,5
FL,1926,6
FL,1937,5
FL,1942,7
FL,1943,7
FL,1944,11
FL,1945,7
FL,1946,15
FL,1947,13
FL,1948,16
FL,1949,20
FL,1950,25
FL,1951,28
FL,1952,28
FL,1953,25
FL,1954,32
FL,1955,28
FL,1956,51
FL,1957,53
FL,1958,92
FL,1959,121
FL,1960,160
FL,1961,138
FL,1962,138
FL,1963,164
FL,1964,159
FL,1965,139
FL,1966,117
FL,1967,115
FL,1968,97
FL,1969,89
FL,1970,130
FL,1971,112
FL,1972,100
FL,1973,68
FL,1974,58
FL,1975,49
FL,1976,35
FL,1977,40
FL,1978,29
FL,1979,42
FL,1980,29
FL,1981,35
FL,1982,24
FL,1983,21
FL,1984,29
FL,1985,29
FL,1986,19
FL,1987,20
FL,1988,21
FL,1989,22
FL,1990,32
FL,1991,25
FL,1992,16
FL,1993,13
FL,1994,26
FL,1995,26
FL,1996,26
FL,1997,25
FL,1998,27
FL,1999,25
FL,2000,48
FL,2001,46
FL,2002,37
FL,2003,35
FL,2004,38
FL,2005,46
FL,2006,68
FL,2007,65
FL,2008,55
FL,2009,65
FL,2010,46
FL,2011,42
FL,2012,49
FL,2013,40
FL,2014,45
FL,2015,52
FL,2016,53
GA,1946,5
GA,1948,7
GA,1952,12
GA,1953,6
GA,1955,14
GA,1956,7
GA,1957,12
GA,1958,6
GA,1959,17
GA,1960,15
GA,1961,17
GA,1962,19
GA,1963,14
GA,1964,21
GA,1965,12
GA,1966,13
GA,1967,12
GA,1968,10
GA,1969,6
GA,1970,8
GA,1971,5
GA,1973,6
GA,1974,5
GA,1977,7
GA,1942,6
GA,1943,6
GA,1944,6
GA,1945,11
GA,1946,11
GA,1947,11
GA,1948,21
GA,1949,20
GA,1950,14
GA,1951,20
GA,1952,25
GA,1953,20
GA,1954,22
GA,1955,17
GA,1956,28
GA,1957,44
GA,1958,70
GA,1959,103
GA,1960,121
GA,1961,159
GA,1962,162
GA,1963,139
GA,1964,154
GA,1965,126
GA,1966,160
GA,1967,124
GA,1968,122
GA,1969,130
GA,1970,138
GA,1971,146
GA,1972,151
GA,1973,117
GA,1974,85
GA,1975,74
GA,1976,52
GA,1977,53
GA,1978,52
GA,1979,54
GA,1980,23
GA,1981,23
GA,1982,27
GA,1983,25
GA,1984,17
GA,1985,14
GA,1986,9
GA,1987,14
GA,1988,19
GA,1989,14
GA,1990,16
GA,1991,7
GA,1992,10
GA,1993,11
GA,1994,12
GA,1995,7
GA,1996,6
GA,1997,14
GA,1998,17
GA,1999,18
GA,2000,23
GA,2001,14
GA,2002,24
GA,2003,21
GA,2004,24
GA,2005,26
GA,2006,27
GA,2007,36
GA,2008,35
GA,2009,27
GA,2010,25
GA,2011,16
GA,2012,20
GA,2013,26
GA,2014,17
GA,2015,21
GA,2016,15
HI,1957,5
HI,1946,8
HI,1947,9
HI,1948,7
HI,1949,5
HI,1950,5
HI,1951,9
HI,1952,5
HI,1953,11
HI,1954,11
HI,1955,11
HI,1956,6
HI,1957,21
HI,1958,19
HI,1959,15
HI,1960,19
HI,1961,20
HI,1962,24
HI,1963,22
HI,1964,23
HI,1965,19
HI,1966,14
HI,1967,17
HI,1968,10
HI,1969,23
HI,1970,19
HI,1971,13
HI,1972,14
HI,1973,24
HI,1974,13
HI,1975,9
HI,1976,11
HI,1977,9
HI,1978,12
HI,1979,12
HI,1980,9
HI,1981,5
HI,1982,7
HI,1984,5
HI,1985,5
HI,1987,7
HI,1988,8
HI,1989,8
HI,1990,6
HI,1992,6
HI,1993,6
HI,1995,8
HI,1996,7
HI,2005,6
HI,2015,5
IA,1946,5
IA,1947,9
IA,1948,8
IA,1949,7
IA,1950,13
IA,1951,7
IA,1952,8
IA,1953,5
IA,1954,9
IA,1955,7
IA,1956,12
IA,1957,17
IA,1958,25
IA,1959,46
IA,1960,41
IA,1961,38
IA,1962,45
IA,1963,55
IA,1964,34
IA,1965,26
IA,1966,20
IA,1967,10
IA,1968,12
IA,1969,9
IA,1970,11
IA,1971,17
IA,1974,5
IA,1978,5
IA,1913,7
IA,1914,10
IA,1915,8
IA,1916,6
IA,1917,10
IA,1918,7
IA,1919,5
IA,1920,7
IA,1921,5
IA,1922,5
IA,1923,12
IA,1924,7
IA,1925,13
IA,1926,7
IA,1927,12
IA,1929,6
IA,1930,8
IA,1932,11
IA,1933,6
IA,1936,5
IA,1937,6
IA,1938,9
IA,1939,7
IA,1940,5
IA,1941,8
IA,1942,6
IA,1943,10
IA,1944,12
IA,1945,12
IA,1946,19
IA,1947,25
IA,1948,24
IA,1949,34
IA,1950,34
IA,1951,47
IA,1952,40
IA,1953,30
IA,1954,35
IA,1955,53
IA,1956,65
IA,1957,72
IA,1958,102
IA,1959,99
IA,1960,125
IA,1961,130
IA,1962,125
IA,1963,127
IA,1964,110
IA,1965,122
IA,1966,111
IA,1967,110
IA,1968,100
IA,1969,84
IA,1970,96
IA,1971,81
IA,1972,83
IA,1973,44
IA,1974,38
IA,1975,38
IA,1976,33
IA,1977,29
IA,1978,30
IA,1979,18
IA,1980,15
IA,1981,10
IA,1982,8
IA,1983,5
IA,1984,9
IA,1985,6
IA,1987,7
IA,1993,5
IA,2009,6
IA,2012,6
IA,2014,5
IA,2015,7
ID,1950,5
ID,1955,7
ID,1957,9
ID,1958,8
ID,1959,7
ID,1960,7
ID,1961,8
ID,1962,10
ID,1963,11
ID,1964,9
ID,1965,7
ID,1966,6
ID,1967,5
ID,1968,5
ID,1940,6
ID,1944,7
ID,1945,6
ID,1946,7
ID,1947,7
ID,1948,9
ID,1949,14
ID,1950,15
ID,1951,9
ID,1952,11
ID,1953,19
ID,1954,20
ID,1955,12
ID,1956,19
ID,1957,25
ID,1958,26
ID,1959,28
ID,1960,36
ID,1961,34
ID,1962,35
ID,1963,31
ID,1964,31
ID,1965,27
ID,1966,30
ID,1967,24
ID,1968,21
ID,1969,24
ID,1970,20
ID,1971,22
ID,1972,19
ID,1973,27
ID,1974,13
ID,1975,13
ID,1976,9
ID,1977,9
ID,1978,6
ID,1979,13
ID,1980,9
IL,1942,7
IL,1943,8
IL,1944,6
IL,1945,8
IL,1946,9
IL,1947,23
IL,1948,25
IL,1949,18
IL,1950,15
IL,1951,21
IL,1952,16
IL,1953,12
IL,1954,31
IL,1955,32
IL,1956,33
IL,1957,57
IL,1958,91
IL,1959,100
IL,1960,118
IL,1961,101
IL,1962,92
IL,1963,120
IL,1964,128
IL,1965,81
IL,1966,76
IL,1967,55
IL,1968,47
IL,1969,48
IL,1970,32
IL,1971,18
IL,1972,11
IL,1973,14
IL,1974,14
IL,1975,9
IL,1976,8
IL,1981,5
IL,1986,5
IL,1912,9
IL,1913,5
IL,1914,5
IL,1915,13
IL,1916,15
IL,1917,13
IL,1918,16
IL,1919,6
IL,1920,14
IL,1921,17
IL,1922,21
IL,1923,9
IL,1924,21
IL,1925,17
IL,1926,14
IL,1927,13
IL,1928,9
IL,1929,14
IL,1930,14
IL,1931,11
IL,1932,16
IL,1933,12
IL,1934,14
IL,1935,16
IL,1936,14
IL,1937,15
IL,1938,5
IL,1939,14
IL,1940,18
IL,1941,23
IL,1942,20
IL,1943,23
IL,1944,31
IL,1945,22
IL,1946,41
IL,1947,60
IL,1948,80
IL,1949,67
IL,1950,74
IL,1951,78
IL,1952,112
IL,1953,77
IL,1954,100
IL,1955,99
IL,1956,111
IL,1957,152
IL,1958,208
IL,1959,278
IL,1960,320
IL,1961,333
IL,1962,341
IL,1963,304
IL,1964,254
IL,1965,267
IL,1966,251
IL,1967,181
IL,1968,191
IL,1969,182
IL,1970,188
IL,1971,178
IL,1972,153
IL,1973,121
IL,1974,99
IL,1975,87
IL,1976,71
IL,1977,53
IL,1978,49
IL,1979,55
IL,1980,42
IL,1981,31
IL,1982,37
IL,1983,21
IL,1984,19
IL,1985,26
IL,1986,21
IL,1987,12
IL,1988,14
IL,1989,21
IL,1990,18
IL,1991,23
IL,1992,14
IL,1993,17
IL,1994,21
IL,1995,21
IL,1996,25
IL,1997,18
IL,1998,24
IL,1999,22
IL,2000,23
IL,2001,35
IL,2002,31
IL,2003,31
IL,2004,27
IL,2005,22
IL,2006,23
IL,2007,28
IL,2008,38
IL,2009,28
IL,2010,30
IL,2011,24
IL,2012,20
IL,2013,20
IL,2014,15
IL,2015,17
IL,2016,11
IN,1947,10
IN,1948,5
IN,1951,7
IN,1952,10
IN,1953,15
IN,1954,15
IN,1955,11
IN,1956,22
IN,1957,35
IN,1958,43
IN,1959,42
IN,1960,61
IN,1961,43
IN,1962,62
IN,1963,55
IN,1964,65
IN,1965,37
IN,1966,49
IN,1967,32
IN,1968,21
IN,1969,23
IN,1970,12
IN,1971,10
IN,1972,15
IN,1973,5
IN,1974,5
IN,1976,5
IN,1977,5
IN,1979,5
IN,1915,5
IN,1916,6
IN,1918,6
IN,1920,7
IN,1921,5
IN,1924,6
IN,1926,6
IN,1928,5
IN,1929,5
IN,1930,8
IN,1934,5
IN,1935,10
IN,1936,8
IN,1937,5
IN,1938,5
IN,1939,6
IN,1940,5
IN,1941,12
IN,1942,8
IN,1943,12
IN,1944,11
IN,1945,11
IN,1946,21
IN,1947,36
IN,1948,35
IN,1949,43
IN,1950,33
IN,1951,38
IN,1952,63
IN,1953,69
IN,1954,65
IN,1955,81
IN,1956,75
IN,1957,118
IN,1958,151
IN,1959,208
IN,1960,254
IN,1961,262
IN,1962,252
IN,1963,223
IN,1964,213
IN,1965,205
IN,1966,193
IN,1967,151
IN,1968,137
IN,1969,132
IN,1970,143
IN,1971,149
IN,1972,116
IN,1973,86
IN,1974,61
IN,1975,51
IN,1976,36
IN,1977,48
IN,1978,28
IN,1979,33
IN,1980,29
IN,1981,20
IN,1982,18
IN,1983,11
IN,1984,11
IN,1985,10
IN,1986,9
IN,1987,5
IN,1988,5
IN,1989,8
IN,1990,8
IN,1991,11
IN,1992,11
IN,1993,5
IN,1995,9
IN,1996,8
IN,1997,5
IN,2001,6
IN,2002,11
IN,2003,13
IN,2004,5
IN,2005,9
IN,2006,9
IN,2008,12
IN,2009,8
IN,2010,8
IN,2011,8
IN,2012,8
IN,2013,5
IN,2014,6
IN,2015,9
IN,2016,6
KS,1945,5
KS,1948,5
KS,1949,5
KS,1952,5
KS,1954,6
KS,1955,9
KS,1957,9
KS,1958,15
KS,1959,16
KS,1960,28
KS,1961,20
KS,1962,15
KS,1963,19
KS,1964,25
KS,1965,14
KS,1966,14
KS,1967,10
KS,1968,12
KS,1969,9
KS,1970,8
KS,1971,7
KS,1932,5
KS,1940,6
KS,1943,6
KS,1944,9
KS,1945,7
KS,1946,11
KS,1947,20
KS,1948,21
KS,1949,23
KS,1950,32
KS,1951,39
KS,1952,32
KS,1953,35
KS,1954,47
KS,1955,57
KS,1956,54
KS,1957,75
KS,1958,79
KS,1959,88
KS,1960,116
KS,1961,124
KS,1962,106
KS,1963,102
KS,1964,103
KS,1965,92
KS,1966,86
KS,1967,91
KS,1968,78
KS,1969,60
KS,1970,75
KS,1971,66
KS,1972,44
KS,1973,30
KS,1974,39
KS,1975,36
KS,1976,32
KS,1977,25
KS,1978,24
KS,1979,24
KS,1980,19
KS,1981,11
KS,1982,8
KS,1983,9
KS,1984,8
KS,1985,7
KS,1986,6
KS,1987,7
KS,1988,7
KS,1989,5
KS,1990,5
KS,1992,5
KS,2002,5
KS,2005,6
KS,2009,5
KS,2012,5
KY,1954,6
KY,1955,5
KY,1956,6
KY,1957,7
KY,1958,9
KY,1959,8
KY,1961,6
KY,1962,8
KY,1963,13
KY,1964,12
KY,1965,11
KY,1966,8
KY,1968,8
KY,1969,7
KY,1970,5
KY,1971,5
KY,1973,5
KY,1976,6
KY,1915,6
KY,1918,5
KY,1925,5
KY,1935,5
KY,1938,7
KY,1941,5
KY,1942,9
KY,1946,6
KY,1947,11
KY,1948,11
KY,1949,10
KY,1950,11
KY,1951,7
KY,1952,16
KY,1953,22
KY,1954,20
KY,1955,10
KY,1956,28
KY,1957,26
KY,1958,50
KY,1959,66
KY,1960,80
KY,1961,97
KY,1962,93
KY,1963,87
KY,1964,77
KY,1965,80
KY,1966,84
KY,1967,69
KY,1968,67
KY,1969,74
KY,1970,94
KY,1971,78
KY,1972,73
KY,1973,70
KY,1974,57
KY,1975,45
KY,1976,47
KY,1977,24
KY,1978,38
KY,1979,28
KY,1980,24
KY,1981,11
KY,1982,9
KY,1983,7
KY,1984,11
KY,1985,11
KY,1986,8
KY,1987,10
KY,1988,8
KY,1989,5
KY,1990,5
KY,1992,5
KY,2001,6
KY,2005,8
KY,2008,5
KY,2009,8
KY,2011,5
KY,2012,9
KY,2016,7
LA,1949,5
LA,1951,6
LA,1952,9
LA,1953,8
LA,1956,10
LA,1957,16
LA,1958,8
LA,1959,13
LA,1960,13
LA,1961,16
LA,1962,18
LA,1963,21
LA,1964,14
LA,1965,13
LA,1966,16
LA,1967,7
LA,1968,9
LA,1969,8
LA,1970,7
LA,1972,6
LA,1974,5
LA,1975,6
LA,1917,5
LA,1920,7
LA,1922,5
LA,1923,7
LA,1924,7
LA,1925,6
LA,1927,7
LA,1929,7
LA,1930,5
LA,1931,5
LA,1932,5
LA,1933,6
LA,1936,5
LA,1938,6
LA,1939,5
LA,1940,8
LA,1941,6
LA,1942,11
LA,1943,12
LA,1944,16
LA,1945,9
LA,1946,17
LA,1947,28
LA,1948,34
LA,1949,21
LA,1950,39
LA,1951,42
LA,1952,58
LA,1953,59
LA,1954,59
LA,1955,87
LA,1956,67
LA,1957,73
LA,1958,122
LA,1959,166
LA,1960,147
LA,1961,163
LA,1962,169
LA,1963,158
LA,1964,148
LA,1965,148
LA,1966,125
LA,1967,106
LA,1968,125
LA,1969,127
LA,1970,108
LA,1971,109
LA,1972,103
LA,1973,87
LA,1974,66
LA,1975,65
LA,1976,46
LA,1977,47
LA,1978,66
LA,1979,47
LA,1980,25
LA,1981,25
LA,1982,43
LA,1983,26
LA,1984,41
LA,1985,30
LA,1986,28
LA,1987,21
LA,1988,23
LA,1989,20
LA,1990,25
LA,1991,18
LA,1992,18
LA,1993,25
LA,1994,18
LA,1995,11
LA,1996,15
LA,1997,9
LA,1998,12
LA,1999,12
LA,2000,12
LA,2001,7
LA,2002,11
LA,2003,7
LA,2004,8
LA,2005,9
LA,2006,11
LA,2007,11
LA,2008,15
LA,2009,6
LA,2010,7
LA,2011,5
LA,2012,5
LA,2013,6
LA,2014,10
LA,2015,9
LA,2016,11
MA,1955,6
MA,1956,8
MA,1957,10
MA,1958,25
MA,1959,21
MA,1960,26
MA,1961,26
MA,1962,19
MA,1963,25
MA,1964,14
MA,1965,16
MA,1966,18
MA,1967,12
MA,1968,19
MA,1969,10
MA,1973,6
MA,1916,6
MA,1918,8
MA,1920,5
MA,1923,6
MA,1932,5
MA,1934,5
MA,1936,7
MA,1939,9
MA,1941,8
MA,1942,9
MA,1943,6
MA,1945,8
MA,1946,13
MA,1947,19
MA,1948,8
MA,1949,13
MA,1950,12
MA,1951,21
MA,1952,28
MA,1953,14
MA,1954,17
MA,1955,29
MA,1956,28
MA,1957,49
MA,1958,63
MA,1959,71
MA,1960,80
MA,1961,119
MA,1962,96
MA,1963,103
MA,1964,90
MA,1965,106
MA,1966,86
MA,1967,90
MA,1968,73
MA,1969,52
MA,1970,78
MA,1971,55
MA,1972,46
MA,1973,27
MA,1974,15
MA,1975,26
MA,1976,14
MA,1977,12
MA,1978,13
MA,1979,14
MA,1980,6
MA,1981,9
MA,1982,7
MA,1983,6
MA,1984,10
MA,1985,9
MA,1986,9
MA,1988,15
MA,1989,5
MA,1991,11
MA,1992,14
MA,1993,9
MA,1994,6
MA,1996,8
MA,1998,10
MA,1999,5
MA,2000,15
MA,2001,15
MA,2002,14
MA,2003,7
MA,2004,14
MA,2005,12
MA,2006,14
MA,2007,9
MA,2008,7
MA,2009,12
MA,2010,22
MA,2011,12
MA,2012,12
MA,2013,14
MA,2014,8
MA,2015,17
MA,2016,9
MD,1947,6
MD,1951,6
MD,1952,9
MD,1953,5
MD,1956,5
MD,1957,9
MD,1958,11
MD,1959,11
MD,1960,19
MD,1961,20
MD,1962,16
MD,1963,19
MD,1964,13
MD,1965,14
MD,1966,13
MD,1967,10
MD,1968,9
MD,1969,7
MD,1973,6
MD,1943,8
MD,1944,5
MD,1945,7
MD,1946,9
MD,1947,12
MD,1948,9
MD,1949,7
MD,1950,8
MD,1951,8
MD,1952,18
MD,1953,11
MD,1954,15
MD,1955,17
MD,1956,30
MD,1957,23
MD,1958,37
MD,1959,69
MD,1960,57
MD,1961,65
MD,1962,62
MD,1963,64
MD,1964,57
MD,1965,59
MD,1966,54
MD,1967,37
MD,1968,56
MD,1969,35
MD,1970,39
MD,1971,43
MD,1972,34
MD,1973,19
MD,1974,18
MD,1975,12
MD,1976,15
MD,1977,15
MD,1978,14
MD,1979,11
MD,1980,17
MD,1981,9
MD,1982,7
MD,1983,16
MD,1985,10
MD,1987,9
MD,1988,11
MD,1989,8
MD,1990,7
MD,1991,9
MD,1992,7
MD,1993,8
MD,1994,8
MD,1995,10
MD,1997,8
MD,1998,16
MD,1999,12
MD,2000,10
MD,2001,14
MD,2002,9
MD,2003,7
MD,2004,11
MD,2005,8
MD,2006,19
MD,2007,18
MD,2008,22
MD,2009,12
MD,2010,19
MD,2011,20
MD,2012,14
MD,2013,13
MD,2014,14
MD,2015,7
MD,2016,19
ME,1964,6
ME,1944,5
ME,1952,8
ME,1954,9
ME,1956,9
ME,1957,13
ME,1958,12
ME,1959,23
ME,1960,37
ME,1961,25
ME,1962,36
ME,1963,29
ME,1964,21
ME,1965,22
ME,1966,22
ME,1967,18
ME,1968,16
ME,1969,26
ME,1970,23
ME,1971,17
ME,1972,22
ME,1973,16
ME,1975,6
ME,1976,5
ME,1977,6
ME,1978,5
ME,1979,5
ME,1980,9
ME,1983,5
ME,1985,5
MI,1941,5
MI,1943,7
MI,1944,7
MI,1945,14
MI,1946,18
MI,1947,21
MI,1948,27
MI,1949,14
MI,1950,14
MI,1951,15
MI,1952,16
MI,1953,14
MI,1954,30
MI,1955,34
MI,1956,54
MI,1957,90
MI,1958,124
MI,1959,118
MI,1960,113
MI,1961,111
MI,1962,128
MI,1963,97
MI,1964,97
MI,1965,64
MI,1966,48
MI,1967,39
MI,1968,39
MI,1969,29
MI,1970,27
MI,1971,24
MI,1972,12
MI,1973,15
MI,1974,5
MI,1976,7
MI,1977,8
MI,1979,9
MI,1914,6
MI,1915,11
MI,1916,5
MI,1918,7
MI,1919,6
MI,1920,8
MI,1921,5
MI,1922,9
MI,1923,6
MI,1924,5
MI,1925,9
MI,1926,8
MI,1927,5
MI,1928,6
MI,1929,14
MI,1931,8
MI,1932,9
MI,1933,13
MI,1934,5
MI,1935,7
MI,1936,8
MI,1937,7
MI,1938,17
MI,1939,12
MI,1940,20
MI,1941,18
MI,1942,19
MI,1943,26
MI,1944,24
MI,1945,24
MI,1946,42
MI,1947,63
MI,1948,92
MI,1949,93
MI,1950,86
MI,1951,98
MI,1952,119
MI,1953,100
MI,1954,121
MI,1955,153
MI,1956,190
MI,1957,223
MI,1958,275
MI,1959,341
MI,1960,377
MI,1961,356
MI,1962,359
MI,1963,344
MI,1964,261
MI,1965,251
MI,1966,246
MI,1967,190
MI,1968,146
MI,1969,155
MI,1970,152
MI,1971,158
MI,1972,107
MI,1973,96
MI,1974,79
MI,1975,71
MI,1976,48
MI,1977,40
MI,1978,31
MI,1979,36
MI,1980,32
MI,1981,20
MI,1982,26
MI,1983,29
MI,1984,19
MI,1985,21
MI,1986,23
MI,1987,13
MI,1988,15
MI,1989,11
MI,1990,14
MI,1991,12
MI,1992,14
MI,1993,13
MI,1994,11
MI,1995,11
MI,1996,9
MI,1998,12
MI,1999,7
MI,2000,15
MI,2001,8
MI,2002,6
MI,2003,17
MI,2004,9
MI,2005,13
MI,2006,16
MI,2007,11
MI,2008,12
MI,2009,10
MI,2010,12
MI,2012,10
MI,2013,7
MI,2014,14
MI,2015,10
MI,2016,13
MN,1947,9
MN,1951,6
MN,1953,10
MN,1954,9
MN,1955,11
MN,1956,17
MN,1957,29
MN,1958,40
MN,1959,41
MN,1960,45
MN,1961,59
MN,1962,58
MN,1963,49
MN,1964,40
MN,1965,32
MN,1966,24
MN,1967,26
MN,1968,27
MN,1969,11
MN,1970,11
MN,1971,14
MN,1972,10
MN,1974,7
MN,1977,5
MN,1913,5
MN,1915,5
MN,1916,8
MN,1920,8
MN,1922,5
MN,1923,6
MN,1924,5
MN,1934,5
MN,1940,9
MN,1941,6
MN,1942,5
MN,1943,6
MN,1944,5
MN,1945,8
MN,1946,12
MN,1947,14
MN,1948,11
MN,1949,23
MN,1950,12
MN,1951,21
MN,1952,22
MN,1953,29
MN,1954,39
MN,1955,29
MN,1956,41
MN,1957,73
MN,1958,91
MN,1959,101
MN,1960,149
MN,1961,158
MN,1962,142
MN,1963,150
MN,1964,137
MN,1965,147
MN,1966,130
MN,1967,116
MN,1968,130
MN,1969,98
MN,1970,115
MN,1971,99
MN,1972,88
MN,1973,52
MN,1974,55
MN,1975,50
MN,1976,25
MN,1977,27
MN,1978,20
MN,1979,27
MN,1980,12
MN,1981,15
MN,1982,10
MN,1983,14
MN,1984,6
MN,1985,6
MN,1986,11
MN,1987,7
MN,1988,8
MN,1989,8
MN,1990,9
MN,1991,6
MN,1993,7
MN,1994,8
MN,1996,5
MN,1997,11
MN,1999,6
MN,2000,6
MN,2001,7
MN,2002,9
MN,2003,5
MN,2005,5
MN,2006,6
MN,2007,10
MN,2008,7
MN,2009,6
MN,2011,6
MN,2012,5
MN,2014,5
MN,2015,8
MO,1944,6
MO,1946,6
MO,1947,7
MO,1948,8
MO,1949,5
MO,1950,5
MO,1951,7
MO,1952,7
MO,1953,10
MO,1955,9
MO,1956,21
MO,1957,45
MO,1958,53
MO,1959,57
MO,1960,52
MO,1961,67
MO,1962,57
MO,1963,53
MO,1964,49
MO,1965,32
MO,1966,20
MO,1967,18
MO,1968,25
MO,1969,24
MO,1970,16
MO,1971,10
MO,1972,9
MO,1973,7
MO,1974,8
MO,1977,6
MO,1916,7
MO,1917,6
MO,1918,5
MO,1920,6
MO,1922,7
MO,1923,5
MO,1925,9
MO,1927,9
MO,1928,7
MO,1929,5
MO,1932,6
MO,1934,5
MO,1937,5
MO,1940,5
MO,1941,7
MO,1942,6
MO,1943,11
MO,1944,14
MO,1945,14
MO,1946,12
MO,1947,26
MO,1948,29
MO,1949,38
MO,1950,35
MO,1951,47
MO,1952,40
MO,1953,35
MO,1954,46
MO,1955,58
MO,1956,76
MO,1957,111
MO,1958,144
MO,1959,184
MO,1960,213
MO,1961,227
MO,1962,220
MO,1963,214
MO,1964,178
MO,1965,182
MO,1966,164
MO,1967,135
MO,1968,123
MO,1969,115
MO,1970,123
MO,1971,114
MO,1972,102
MO,1973,70
MO,1974,55
MO,1975,61
MO,1976,63
MO,1977,37
MO,1978,36
MO,1979,36
MO,1980,24
MO,1981,23
MO,1982,18
MO,1983,12
MO,1984,14
MO,1985,7
MO,1986,8
MO,1987,9
MO,1988,6
MO,1989,11
MO,1990,7
MO,1991,9
MO,1992,8
MO,1994,6
MO,1996,6
MO,1999,5
MO,2000,5
MO,2004,5
MO,2006,7
MO,2007,5
MO,2008,8
MO,2009,10
MO,2010,9
MO,2013,5
MO,2014,9
MO,2015,6
MS,1956,6
MS,1958,13
MS,1959,6
MS,1960,7
MS,1961,6
MS,1963,6
MS,1964,7
MS,1965,9
MS,1966,6
MS,1967,5
MS,1969,5
MS,1972,7
MS,1974,6
MS,1923,5
MS,1939,8
MS,1944,7
MS,1946,9
MS,1947,9
MS,1948,8
MS,1949,7
MS,1950,5
MS,1951,9
MS,1953,15
MS,1954,8
MS,1955,15
MS,1956,13
MS,1957,11
MS,1958,18
MS,1959,30
MS,1960,34
MS,1961,37
MS,1962,57
MS,1963,42
MS,1964,49
MS,1965,47
MS,1966,48
MS,1967,44
MS,1968,45
MS,1969,51
MS,1970,41
MS,1971,72
MS,1972,50
MS,1973,46
MS,1974,38
MS,1975,41
MS,1976,22
MS,1977,17
MS,1978,19
MS,1979,20
MS,1980,14
MS,1981,14
MS,1982,14
MS,1983,10
MS,1984,8
MS,1985,7
MS,1986,8
MS,1987,9
MS,1988,8
MS,1993,6
MS,2007,7
MS,2009,5
MT,1958,6
MT,1959,6
MT,1960,6
MT,1961,13
MT,1962,8
MT,1963,8
MT,1964,17
MT,1966,6
MT,1917,5
MT,1932,5
MT,1943,5
MT,1947,10
MT,1948,8
MT,1951,9
MT,1952,9
MT,1953,8
MT,1954,8
MT,1955,5
MT,1956,12
MT,1957,11
MT,1958,20
MT,1959,22
MT,1960,18
MT,1961,30
MT,1962,26
MT,1963,29
MT,1964,28
MT,1965,18
MT,1966,20
MT,1967,20
MT,1968,14
MT,1969,13
MT,1970,20
MT,1971,26
MT,1972,17
MT,1973,14
MT,1974,14
MT,1975,12
MT,1976,16
MT,1977,10
MT,1978,6
MT,1979,11
MT,1980,6
MT,1982,5
NC,1948,5
NC,1952,9
NC,1953,10
NC,1954,7
NC,1956,11
NC,1957,11
NC,1958,19
NC,1959,17
NC,1960,19
NC,1961,10
NC,1962,15
NC,1963,20
NC,1964,13
NC,1965,17
NC,1966,11
NC,1967,11
NC,1968,10
NC,1969,7
NC,1970,8
NC,1974,11
NC,1975,11
NC,1976,6
NC,1977,5
NC,1978,5
NC,1936,6
NC,1937,8
NC,1945,9
NC,1946,11
NC,1947,14
NC,1948,14
NC,1949,21
NC,1950,14
NC,1951,14
NC,1952,24
NC,1953,17
NC,1954,31
NC,1955,41
NC,1956,61
NC,1957,50
NC,1958,88
NC,1959,94
NC,1960,126
NC,1961,158
NC,1962,143
NC,1963,152
NC,1964,136
NC,1965,113
NC,1966,131
NC,1967,114
NC,1968,102
NC,1969,91
NC,1970,121
NC,1971,114
NC,1972,124
NC,1973,90
NC,1974,64
NC,1975,50
NC,1976,55
NC,1977,37
NC,1978,33
NC,1979,37
NC,1980,26
NC,1981,24
NC,1982,20
NC,1983,17
NC,1984,19
NC,1985,15
NC,1986,10
NC,1987,14
NC,1988,9
NC,1989,19
NC,1990,8
NC,1991,9
NC,1992,6
NC,1993,14
NC,1994,11
NC,1995,8
NC,1996,13
NC,1997,8
NC,1998,8
NC,1999,13
NC,2000,12
NC,2001,16
NC,2002,16
NC,2003,19
NC,2004,16
NC,2005,27
NC,2006,26
NC,2007,29
NC,2008,31
NC,2009,27
NC,2010,17
NC,2011,17
NC,2012,12
NC,2013,14
NC,2014,12
NC,2015,13
NC,2016,16
ND,1965,6
ND,1973,6
ND,1915,5
ND,1918,6
ND,1949,7
ND,1956,5
ND,1957,9
ND,1958,6
ND,1959,14
ND,1960,14
ND,1961,9
ND,1962,18
ND,1963,12
ND,1964,15
ND,1965,16
ND,1966,16
ND,1967,14
ND,1968,13
ND,1969,14
ND,1970,18
ND,1971,17
ND,1972,18
ND,1973,8
ND,1974,13
ND,1975,13
ND,1976,7
ND,1977,9
ND,1979,16
ND,1981,10
ND,1985,8
NE,1952,7
NE,1955,6
NE,1956,10
NE,1957,9
NE,1958,15
NE,1959,20
NE,1960,18
NE,1961,22
NE,1962,28
NE,1963,23
NE,1964,21
NE,1965,15
NE,1966,16
NE,1967,10
NE,1968,11
NE,1969,10
NE,1972,9
NE,1912,7
NE,1915,7
NE,1916,6
NE,1917,11
NE,1919,6
NE,1926,7
NE,1928,5
NE,1932,6
NE,1945,12
NE,1946,6
NE,1947,10
NE,1948,17
NE,1949,16
NE,1950,10
NE,1951,21
NE,1952,18
NE,1953,20
NE,1954,11
NE,1955,28
NE,1956,23
NE,1957,29
NE,1958,39
NE,1959,50
NE,1960,62
NE,1961,62
NE,1962,75
NE,1963,72
NE,1964,47
NE,1965,48
NE,1966,57
NE,1967,47
NE,1968,49
NE,1969,38
NE,1970,43
NE,1971,47
NE,1972,33
NE,1973,25
NE,1974,24
NE,1975,24
NE,1976,19
NE,1977,13
NE,1978,18
NE,1979,16
NE,1980,13
NE,1981,7
NE,1982,6
NE,1984,5
NE,1985,5
NE,2003,5
NH,1962,5
NH,1949,5
NH,1955,6
NH,1957,8
NH,1958,6
NH,1959,8
NH,1960,15
NH,1961,17
NH,1962,10
NH,1963,18
NH,1964,20
NH,1965,18
NH,1966,21
NH,1967,15
NH,1968,13
NH,1969,19
NH,1970,16
NH,1971,9
NH,1972,5
NH,1974,8
NH,1977,7
NJ,1947,5
NJ,1948,5
NJ,1953,5
NJ,1954,6
NJ,1956,19
NJ,1957,27
NJ,1958,45
NJ,1959,26
NJ,1960,38
NJ,1961,34
NJ,1962,42
NJ,1963,39
NJ,1964,41
NJ,1965,26
NJ,1966,24
NJ,1967,21
NJ,1968,19
NJ,1969,13
NJ,1970,13
NJ,1971,8
NJ,1972,9
NJ,1973,10
NJ,1974,7
NJ,1975,8
NJ,1976,6
NJ,1991,5
NJ,1911,5
NJ,1912,5
NJ,1917,5
NJ,1920,7
NJ,1921,5
NJ,1924,6
NJ,1925,8
NJ,1927,5
NJ,1928,6
NJ,1929,8
NJ,1930,8
NJ,1931,5
NJ,1932,14
NJ,1934,6
NJ,1935,9
NJ,1936,5
NJ,1937,5
NJ,1938,7
NJ,1939,6
NJ,1940,6
NJ,1941,11
NJ,1942,13
NJ,1943,15
NJ,1944,5
NJ,1945,12
NJ,1946,22
NJ,1947,24
NJ,1948,24
NJ,1949,16
NJ,1950,23
NJ,1951,28
NJ,1952,34
NJ,1953,35
NJ,1954,36
NJ,1955,46
NJ,1956,60
NJ,1957,95
NJ,1958,137
NJ,1959,152
NJ,1960,149
NJ,1961,160
NJ,1962,171
NJ,1963,144
NJ,1964,132
NJ,1965,120
NJ,1966,125
NJ,1967,76
NJ,1968,75
NJ,1969,76
NJ,1970,75
NJ,1971,64
NJ,1972,51
NJ,1973,34
NJ,1974,32
NJ,1975,24
NJ,1976,34
NJ,1977,14
NJ,1978,21
NJ,1979,20
NJ,1980,14
NJ,1981,12
NJ,1982,14
NJ,1983,19
NJ,1984,15
NJ,1985,9
NJ,1986,15
NJ,1987,12
NJ,1988,9
NJ,1989,20
NJ,1990,21
NJ,1991,17
NJ,1992,17
NJ,1993,13
NJ,1994,17
NJ,1995,27
NJ,1996,32
NJ,1997,26
NJ,1998,27
NJ,1999,22
NJ,2000,33
NJ,2001,27
NJ,2002,27
NJ,2003,26
NJ,2004,23
NJ,2005,30
NJ,2006,40
NJ,2007,39
NJ,2008,30
NJ,2009,38
NJ,2010,42
NJ,2011,25
NJ,2012,26
NJ,2013,32
NJ,2014,19
NJ,2015,16
NJ,2016,16
NM,1955,7
NM,1957,5
NM,1958,6
NM,1959,8
NM,1960,8
NM,1961,8
NM,1962,6
NM,1963,6
NM,1932,7
NM,1934,7
NM,1935,6
NM,1936,5
NM,1938,7
NM,1939,9
NM,1940,8
NM,1941,7
NM,1942,8
NM,1943,6
NM,1944,7
NM,1945,7
NM,1946,13
NM,1947,15
NM,1948,13
NM,1949,15
NM,1950,14
NM,1951,8
NM,1952,12
NM,1953,16
NM,1954,12
NM,1955,23
NM,1956,9
NM,1957,34
NM,1958,36
NM,1959,70
NM,1960,55
NM,1961,72
NM,1962,55
NM,1963,59
NM,1964,49
NM,1965,48
NM,1966,56
NM,1967,51
NM,1968,38
NM,1969,41
NM,1970,35
NM,1971,47
NM,1972,46
NM,1973,22
NM,1974,27
NM,1975,15
NM,1976,6
NM,1977,15
NM,1978,18
NM,1979,16
NM,1980,12
NM,1981,13
NM,1983,6
NM,1984,7
NM,1985,6
NM,1986,7
NM,1992,5
NM,1996,6
NM,1997,5
NM,1999,5
NM,2002,8
NM,2008,5
NM,2009,6
NM,2013,7
NV,1961,5
NV,1962,6
NV,1947,7
NV,1951,7
NV,1954,6
NV,1958,8
NV,1959,13
NV,1960,11
NV,1961,19
NV,1962,23
NV,1963,18
NV,1964,13
NV,1965,16
NV,1966,8
NV,1967,17
NV,1968,12
NV,1969,13
NV,1970,18
NV,1971,17
NV,1972,15
NV,1973,10
NV,1974,6
NV,1975,7
NV,1997,5
NV,1998,6
NV,1999,7
NV,2000,6
NV,2002,5
NV,2003,6
NV,2005,8
NV,2006,8
NV,2007,11
NV,2008,10
NV,2009,10
NV,2010,9
NV,2011,5
NV,2013,9
NV,2015,7
NY,1928,5
NY,1929,6
NY,1943,7
NY,1944,5
NY,1945,14
NY,1946,10
NY,1947,21
NY,1948,13
NY,1949,13
NY,1950,14
NY,1951,18
NY,1952,16
NY,1953,16
NY,1954,18
NY,1955,30
NY,1956,37
NY,1957,64
NY,1958,81
NY,1959,73
NY,1960,93
NY,1961,91
NY,1962,89
NY,1963,69
NY,1964,77
NY,1965,79
NY,1966,43
NY,1967,44
NY,1968,23
NY,1969,18
NY,1970,24
NY,1971,11
NY,1972,13
NY,1973,10
NY,1974,11
NY,1975,14
NY,1976,15
NY,1977,10
NY,1978,7
NY,1980,6
NY,1981,5
NY,1982,8
NY,1984,6
NY,1986,7
NY,1987,7
NY,1991,9
NY,2000,5
NY,1912,5
NY,1913,10
NY,1915,7
NY,1916,8
NY,1917,12
NY,1918,14
NY,1919,8
NY,1920,8
NY,1921,12
NY,1922,10
NY,1923,14
NY,1924,15
NY,1925,9
NY,1926,14
NY,1927,13
NY,1928,23
NY,1929,21
NY,1930,15
NY,1931,17
NY,1932,12
NY,1933,14
NY,1934,22
NY,1935,17
NY,1936,22
NY,1937,26
NY,1938,24
NY,1939,36
NY,1940,39
NY,1941,20
NY,1942,31
NY,1943,29
NY,1944,35
NY,1945,40
NY,1946,61
NY,1947,84
NY,1948,84
NY,1949,95
NY,1950,76
NY,1951,113
NY,1952,105
NY,1953,83
NY,1954,106
NY,1955,147
NY,1956,168
NY,1957,233
NY,1958,332
NY,1959,361
NY,1960,437
NY,1961,384
NY,1962,454
NY,1963,366
NY,1964,326
NY,1965,269
NY,1966,276
NY,1967,240
NY,1968,199
NY,1969,196
NY,1970,182
NY,1971,176
NY,1972,100
NY,1973,95
NY,1974,81
NY,1975,51
NY,1976,60
NY,1977,67
NY,1978,53
NY,1979,63
NY,1980,43
NY,1981,50
NY,1982,44
NY,1983,44
NY,1984,40
NY,1985,44
NY,1986,46
NY,1987,50
NY,1988,44
NY,1989,61
NY,1990,58
NY,1991,47
NY,1992,42
NY,1993,50
NY,1994,44
NY,1995,58
NY,1996,68
NY,1997,78
NY,1998,61
NY,1999,93
NY,2000,85
NY,2001,76
NY,2002,94
NY,2003,77
NY,2004,76
NY,2005,75
NY,2006,97
NY,2007,101
NY,2008,94
NY,2009,84
NY,2010,77
NY,2011,59
NY,2012,73
NY,2013,75
NY,2014,55
NY,2015,57
NY,2016,61
OH,1943,7
OH,1944,5
OH,1945,5
OH,1946,12
OH,1947,15
OH,1948,21
OH,1949,14
OH,1950,12
OH,1951,11
OH,1952,28
OH,1953,27
OH,1954,27
OH,1955,33
OH,1956,55
OH,1957,104
OH,1958,150
OH,1959,129
OH,1960,135
OH,1961,149
OH,1962,131
OH,1963,105
OH,1964,83
OH,1965,90
OH,1966,66
OH,1967,52
OH,1968,42
OH,1969,34
OH,1970,28
OH,1971,23
OH,1972,15
OH,1973,19
OH,1974,11
OH,1975,8
OH,1976,5
OH,1977,8
OH,1979,6
OH,1981,5
OH,1914,9
OH,1915,6
OH,1918,9
OH,1919,6
OH,1920,6
OH,1922,12
OH,1923,8
OH,1925,13
OH,1926,9
OH,1927,5
OH,1928,7
OH,1930,11
OH,1932,9
OH,1933,9
OH,1934,7
OH,1935,7
OH,1936,9
OH,1937,9
OH,1938,8
OH,1939,13
OH,1940,19
OH,1941,15
OH,1942,19
OH,1943,17
OH,1944,25
OH,1945,26
OH,1946,38
OH,1947,53
OH,1948,74
OH,1949,85
OH,1950,57
OH,1951,86
OH,1952,96
OH,1953,111
OH,1954,130
OH,1955,185
OH,1956,167
OH,1957,226
OH,1958,321
OH,1959,399
OH,1960,385
OH,1961,461
OH,1962,363
OH,1963,332
OH,1964,269
OH,1965,299
OH,1966,303
OH,1967,235
OH,1968,200
OH,1969,221
OH,1970,220
OH,1971,202
OH,1972,144
OH,1973,116
OH,1974,96
OH,1975,81
OH,1976,61
OH,1977,66
OH,1978,48
OH,1979,45
OH,1980,32
OH,1981,17
OH,1982,19
OH,1983,16
OH,1984,14
OH,1985,19
OH,1986,17
OH,1987,17
OH,1988,13
OH,1989,9
OH,1990,16
OH,1991,18
OH,1992,12
OH,1993,5
OH,1994,7
OH,1995,5
OH,1996,8
OH,1998,11
OH,1999,5
OH,2000,11
OH,2001,7
OH,2002,5
OH,2003,9
OH,2004,10
OH,2005,8
OH,2006,13
OH,2007,10
OH,2008,11
OH,2009,11
OH,2010,13
OH,2011,6
OH,2012,7
OH,2013,9
OH,2014,6
OH,2015,13
OK,1944,6
OK,1946,5
OK,1947,6
OK,1951,10
OK,1953,7
OK,1954,7
OK,1955,8
OK,1956,9
OK,1957,5
OK,1958,8
OK,1959,17
OK,1960,11
OK,1961,14
OK,1962,17
OK,1963,6
OK,1964,6
OK,1965,8
OK,1967,10
OK,1968,12
OK,1969,6
OK,1970,9
OK,1973,6
OK,1915,5
OK,1920,6
OK,1926,5
OK,1934,7
OK,1939,6
OK,1941,10
OK,1942,6
OK,1943,8
OK,1944,8
OK,1946,18
OK,1947,20
OK,1948,28
OK,1949,17
OK,1950,29
OK,1951,31
OK,1952,26
OK,1953,31
OK,1954,29
OK,1955,43
OK,1956,61
OK,1957,80
OK,1958,74
OK,1959,102
OK,1960,124
OK,1961,147
OK,1962,136
OK,1963,136
OK,1964,117
OK,1965,91
OK,1966,100
OK,1967,86
OK,1968,76
OK,1969,102
OK,1970,95
OK,1971,84
OK,1972,72
OK,1973,62
OK,1974,55
OK,1975,49
OK,1976,35
OK,1977,40
OK,1978,33
OK,1979,31
OK,1980,23
OK,1981,27
OK,1982,22
OK,1983,17
OK,1984,17
OK,1985,9
OK,1986,6
OK,1987,13
OK,1988,8
OK,1989,7
OK,1991,8
OK,1992,9
OK,1994,6
OK,2002,6
OK,2004,8
OK,2005,5
OK,2006,7
OK,2007,6
OK,2008,5
OK,2009,5
OK,2010,7
OK,2012,9
OK,2014,6
OR,1946,8
OR,1947,8
OR,1948,12
OR,1949,11
OR,1950,5
OR,1951,5
OR,1952,9
OR,1953,10
OR,1954,11
OR,1955,10
OR,1957,12
OR,1958,15
OR,1959,22
OR,1960,19
OR,1961,32
OR,1962,25
OR,1963,23
OR,1964,24
OR,1965,22
OR,1966,14
OR,1967,13
OR,1968,9
OR,1969,8
OR,1970,5
OR,1935,6
OR,1942,9
OR,1943,8
OR,1944,13
OR,1945,6
OR,1946,13
OR,1947,16
OR,1948,26
OR,1949,25
OR,1950,23
OR,1951,23
OR,1952,32
OR,1953,21
OR,1954,34
OR,1955,39
OR,1956,37
OR,1957,42
OR,1958,56
OR,1959,69
OR,1960,93
OR,1961,90
OR,1962,91
OR,1963,86
OR,1964,82
OR,1965,91
OR,1966,68
OR,1967,73
OR,1968,55
OR,1969,58
OR,1970,55
OR,1971,60
OR,1972,51
OR,1973,37
OR,1974,26
OR,1975,28
OR,1976,22
OR,1977,20
OR,1978,14
OR,1979,20
OR,1980,11
OR,1982,5
OR,1983,8
OR,1984,11
OR,1985,6
OR,1993,5
OR,1998,5
OR,2000,5
OR,2003,5
OR,2005,5
OR,2007,8
OR,2008,9
OR,2009,6
OR,2010,9
OR,2012,5
OR,2013,6
OR,2015,5
PA,1947,5
PA,1948,6
PA,1951,8
PA,1952,10
PA,1953,12
PA,1954,21
PA,1955,17
PA,1956,32
PA,1957,67
PA,1958,76
PA,1959,83
PA,1960,98
PA,1961,97
PA,1962,79
PA,1963,96
PA,1964,87
PA,1965,59
PA,1966,55
PA,1967,49
PA,1968,33
PA,1969,41
PA,1970,32
PA,1971,27
PA,1972,20
PA,1973,8
PA,1974,10
PA,1975,10
PA,1976,13
PA,1977,9
PA,1978,10
PA,1979,5
PA,1980,5
PA,1982,5
PA,1983,5
PA,1914,7
PA,1916,8
PA,1918,8
PA,1920,6
PA,1921,7
PA,1923,6
PA,1924,9
PA,1926,8
PA,1927,11
PA,1929,5
PA,1930,6
PA,1931,7
PA,1932,8
PA,1933,8
PA,1934,12
PA,1935,6
PA,1936,9
PA,1937,9
PA,1938,12
PA,1939,10
PA,1940,10
PA,1941,22
PA,1942,12
PA,1943,15
PA,1944,18
PA,1945,17
PA,1946,17
PA,1947,29
PA,1948,48
PA,1949,38
PA,1950,43
PA,1951,58
PA,1952,73
PA,1953,63
PA,1954,77
PA,1955,101
PA,1956,103
PA,1957,153
PA,1958,184
PA,1959,297
PA,1960,283
PA,1961,340
PA,1962,322
PA,1963,262
PA,1964,228
PA,1965,236
PA,1966,255
PA,1967,202
PA,1968,185
PA,1969,162
PA,1970,176
PA,1971,135
PA,1972,104
PA,1973,102
PA,1974,61
PA,1975,52
PA,1976,51
PA,1977,34
PA,1978,34
PA,1979,30
PA,1980,30
PA,1981,24
PA,1982,21
PA,1983,14
PA,1984,12
PA,1985,15
PA,1986,17
PA,1987,15
PA,1988,16
PA,1989,19
PA,1990,10
PA,1991,19
PA,1992,11
PA,1993,7
PA,1994,10
PA,1995,13
PA,1996,13
PA,1997,10
PA,1998,11
PA,1999,13
PA,2000,19
PA,2001,12
PA,2002,10
PA,2003,15
PA,2004,13
PA,2005,12
PA,2006,9
PA,2007,22
PA,2008,22
PA,2009,13
PA,2010,11
PA,2011,12
PA,2012,17
PA,2013,14
PA,2014,13
PA,2015,12
PA,2016,6
RI,1957,11
RI,1958,9
RI,1959,13
RI,1960,19
RI,1961,11
RI,1962,11
RI,1963,16
RI,1964,18
RI,1965,26
RI,1966,13
RI,1967,11
RI,1968,10
RI,1969,10
RI,1970,8
RI,1971,7
RI,1972,7
RI,1974,7
SC,1949,5
SC,1958,7
SC,1959,6
SC,1960,5
SC,1961,6
SC,1962,6
SC,1963,15
SC,1964,10
SC,1965,6
SC,1966,10
SC,1967,8
SC,1968,6
SC,1972,7
SC,1974,5
SC,1977,5
SC,1914,5
SC,1915,6
SC,1917,5
SC,1919,6
SC,1922,5
SC,1924,5
SC,1931,5
SC,1939,5
SC,1942,5
SC,1943,5
SC,1944,7
SC,1946,12
SC,1947,5
SC,1948,6
SC,1949,6
SC,1952,16
SC,1953,13
SC,1954,15
SC,1955,11
SC,1956,18
SC,1957,20
SC,1958,42
SC,1959,43
SC,1960,67
SC,1961,80
SC,1962,71
SC,1963,61
SC,1964,49
SC,1965,60
SC,1966,57
SC,1967,58
SC,1968,58
SC,1969,66
SC,1970,54
SC,1971,70
SC,1972,52
SC,1973,43
SC,1974,45
SC,1975,27
SC,1976,27
SC,1977,21
SC,1978,25
SC,1979,23
SC,1980,15
SC,1981,14
SC,1982,9
SC,1983,11
SC,1984,8
SC,1985,9
SC,1986,8
SC,1988,6
SC,1989,7
SC,1993,7
SC,1996,5
SC,2000,5
SC,2001,8
SC,2005,7
SC,2006,5
SC,2007,7
SC,2008,11
SC,2009,8
SC,2010,8
SC,2012,5
SC,2016,5
SD,1959,5
SD,1961,6
SD,1962,7
SD,1965,5
SD,1915,6
SD,1916,6
SD,1918,5
SD,1922,6
SD,1931,5
SD,1941,5
SD,1947,7
SD,1953,10
SD,1954,9
SD,1955,9
SD,1956,16
SD,1957,9
SD,1958,9
SD,1959,14
SD,1960,15
SD,1961,19
SD,1962,17
SD,1963,20
SD,1964,14
SD,1965,25
SD,1966,12
SD,1967,17
SD,1968,16
SD,1969,13
SD,1970,14
SD,1971,22
SD,1972,20
SD,1973,13
SD,1974,19
SD,1975,15
SD,1976,14
SD,1977,8
SD,1978,15
SD,1979,10
SD,1980,8
TN,1956,5
TN,1957,11
TN,1958,7
TN,1959,8
TN,1960,9
TN,1961,5
TN,1962,14
TN,1963,9
TN,1964,7
TN,1965,14
TN,1966,6
TN,1967,12
TN,1968,5
TN,1970,10
TN,1971,5
TN,1940,6
TN,1942,5
TN,1945,8
TN,1946,10
TN,1947,12
TN,1948,9
TN,1949,12
TN,1950,17
TN,1951,16
TN,1952,16
TN,1953,11
TN,1954,20
TN,1955,25
TN,1956,29
TN,1957,37
TN,1958,56
TN,1959,91
TN,1960,116
TN,1961,137
TN,1962,125
TN,1963,142
TN,1964,118
TN,1965,126
TN,1966,99
TN,1967,124
TN,1968,100
TN,1969,118
TN,1970,118
TN,1971,121
TN,1972,109
TN,1973,91
TN,1974,80
TN,1975,46
TN,1976,44
TN,1977,44
TN,1978,44
TN,1979,30
TN,1980,20
TN,1981,19
TN,1982,17
TN,1983,16
TN,1984,12
TN,1985,13
TN,1986,5
TN,1987,8
TN,1988,12
TN,1989,16
TN,1990,9
TN,1992,8
TN,1993,7
TN,1994,5
TN,1995,8
TN,1996,7
TN,1997,6
TN,1999,5
TN,2000,8
TN,2001,9
TN,2002,9
TN,2004,7
TN,2005,8
TN,2006,6
TN,2007,7
TN,2008,16
TN,2009,6
TN,2010,14
TN,2011,12
TN,2012,7
TN,2013,6
TN,2014,6
TN,2015,10
TX,1942,7
TX,1943,7
TX,1946,13
TX,1947,13
TX,1948,15
TX,1949,12
TX,1950,8
TX,1951,25
TX,1952,22
TX,1953,19
TX,1954,25
TX,1955,27
TX,1956,27
TX,1957,35
TX,1958,37
TX,1959,53
TX,1960,24
TX,1961,48
TX,1962,57
TX,1963,34
TX,1964,43
TX,1965,40
TX,1966,31
TX,1967,31
TX,1968,38
TX,1969,30
TX,1970,20
TX,1971,18
TX,1972,22
TX,1973,15
TX,1974,18
TX,1975,17
TX,1976,21
TX,1977,13
TX,1978,13
TX,1979,12
TX,1980,17
TX,1981,8
TX,1982,15
TX,1983,7
TX,1984,7
TX,1987,5
TX,1990,6
TX,1914,7
TX,1918,7
TX,1919,7
TX,1920,7
TX,1921,7
TX,1923,6
TX,1924,10
TX,1927,6
TX,1928,6
TX,1929,7
TX,1932,10
TX,1933,8
TX,1934,9
TX,1935,8
TX,1936,7
TX,1937,11
TX,1938,17
TX,1939,9
TX,1940,19
TX,1941,12
TX,1942,24
TX,1943,14
TX,1944,33
TX,1945,46
TX,1946,57
TX,1947,64
TX,1948,69
TX,1949,112
TX,1950,70
TX,1951,68
TX,1952,94
TX,1953,86
TX,1954,85
TX,1955,139
TX,1956,147
TX,1957,186
TX,1958,258
TX,1959,338
TX,1960,381
TX,1961,433
TX,1962,385
TX,1963,371
TX,1964,332
TX,1965,378
TX,1966,327
TX,1967,354
TX,1968,333
TX,1969,370
TX,1970,388
TX,1971,452
TX,1972,340
TX,1973,274
TX,1974,228
TX,1975,220
TX,1976,187
TX,1977,206
TX,1978,161
TX,1979,132
TX,1980,124
TX,1981,107
TX,1982,90
TX,1983,71
TX,1984,77
TX,1985,68
TX,1986,66
TX,1987,57
TX,1988,44
TX,1989,63
TX,1990,46
TX,1991,43
TX,1992,54
TX,1993,42
TX,1994,58
TX,1995,59
TX,1996,71
TX,1997,69
TX,1998,89
TX,1999,89
TX,2000,93
TX,2001,101
TX,2002,90
TX,2003,93
TX,2004,112
TX,2005,102
TX,2006,121
TX,2007,127
TX,2008,127
TX,2009,123
TX,2010,105
TX,2011,80
TX,2012,81
TX,2013,92
TX,2014,55
TX,2015,52
TX,2016,61
UT,1948,6
UT,1951,8
UT,1953,5
UT,1956,7
UT,1957,8
UT,1958,21
UT,1959,22
UT,1960,16
UT,1961,27
UT,1962,22
UT,1963,13
UT,1964,23
UT,1965,13
UT,1966,7
UT,1967,8
UT,1968,11
UT,1970,7
UT,1971,5
UT,1920,6
UT,1926,7
UT,1930,6
UT,1942,5
UT,1943,8
UT,1945,10
UT,1946,7
UT,1947,13
UT,1948,22
UT,1949,21
UT,1950,19
UT,1951,22
UT,1952,22
UT,1953,24
UT,1954,34
UT,1955,31
UT,1956,56
UT,1957,43
UT,1958,42
UT,1959,65
UT,1960,57
UT,1961,79
UT,1962,84
UT,1963,59
UT,1964,62
UT,1965,55
UT,1966,69
UT,1967,60
UT,1968,52
UT,1969,46
UT,1970,43
UT,1971,62
UT,1972,33
UT,1973,38
UT,1974,27
UT,1975,22
UT,1976,27
UT,1977,17
UT,1978,17
UT,1979,19
UT,1980,10
UT,1981,12
UT,1982,6
UT,1984,5
UT,1985,8
UT,1986,7
UT,1990,6
UT,1997,6
UT,1998,6
UT,1999,6
UT,2001,7
UT,2002,6
UT,2004,5
UT,2005,5
UT,2006,6
UT,2008,8
UT,2009,6
UT,2014,5
VA,1953,6
VA,1954,6
VA,1957,12
VA,1958,13
VA,1959,15
VA,1960,17
VA,1961,13
VA,1962,12
VA,1963,17
VA,1964,9
VA,1965,12
VA,1966,15
VA,1967,7
VA,1968,13
VA,1973,5
VA,1976,8
VA,1977,6
VA,1918,7
VA,1932,5
VA,1942,6
VA,1943,5
VA,1944,10
VA,1945,15
VA,1946,8
VA,1947,10
VA,1948,15
VA,1949,11
VA,1950,10
VA,1951,19
VA,1952,10
VA,1953,16
VA,1954,20
VA,1955,33
VA,1956,23
VA,1957,37
VA,1958,52
VA,1959,86
VA,1960,81
VA,1961,99
VA,1962,102
VA,1963,94
VA,1964,92
VA,1965,87
VA,1966,73
VA,1967,76
VA,1968,59
VA,1969,67
VA,1970,90
VA,1971,65
VA,1972,66
VA,1973,46
VA,1974,44
VA,1975,38
VA,1976,22
VA,1977,36
VA,1978,21
VA,1979,16
VA,1980,20
VA,1981,19
VA,1982,14
VA,1983,12
VA,1984,15
VA,1985,9
VA,1986,13
VA,1987,13
VA,1988,13
VA,1989,10
VA,1990,6
VA,1991,7
VA,1992,8
VA,1993,14
VA,1994,7
VA,1995,9
VA,1996,9
VA,1997,8
VA,1998,12
VA,1999,17
VA,2000,15
VA,2001,25
VA,2002,11
VA,2003,18
VA,2004,18
VA,2005,14
VA,2006,24
VA,2007,22
VA,2008,32
VA,2009,26
VA,2010,17
VA,2011,12
VA,2012,15
VA,2013,22
VA,2014,25
VA,2015,15
VA,2016,17
VT,1954,7
VT,1955,6
VT,1956,10
VT,1957,17
VT,1958,8
VT,1959,14
VT,1960,21
VT,1961,16
VT,1962,15
VT,1963,18
VT,1964,12
VT,1965,10
VT,1966,10
VT,1967,7
VT,1968,9
VT,1969,12
VT,1970,12
VT,1971,7
VT,1973,6
VT,1974,5
WA,1943,10
WA,1944,5
WA,1945,6
WA,1946,15
WA,1947,16
WA,1948,15
WA,1949,14
WA,1950,10
WA,1951,13
WA,1952,11
WA,1953,9
WA,1954,11
WA,1955,16
WA,1956,28
WA,1957,38
WA,1958,39
WA,1959,36
WA,1960,36
WA,1961,38
WA,1962,41
WA,1963,40
WA,1964,34
WA,1965,33
WA,1966,26
WA,1967,25
WA,1968,22
WA,1969,9
WA,1970,9
WA,1971,13
WA,1924,5
WA,1928,5
WA,1937,6
WA,1939,8
WA,1941,12
WA,1942,13
WA,1943,26
WA,1944,21
WA,1945,17
WA,1946,27
WA,1947,47
WA,1948,48
WA,1949,53
WA,1950,53
WA,1951,47
WA,1952,67
WA,1953,48
WA,1954,55
WA,1955,51
WA,1956,69
WA,1957,82
WA,1958,116
WA,1959,145
WA,1960,156
WA,1961,196
WA,1962,140
WA,1963,156
WA,1964,125
WA,1965,96
WA,1966,110
WA,1967,110
WA,1968,95
WA,1969,112
WA,1970,97
WA,1971,97
WA,1972,70
WA,1973,40
WA,1974,47
WA,1975,35
WA,1976,24
WA,1977,30
WA,1978,19
WA,1979,29
WA,1980,11
WA,1981,20
WA,1982,13
WA,1983,19
WA,1985,6
WA,1986,8
WA,1987,7
WA,1988,7
WA,1989,9
WA,1990,9
WA,1991,7
WA,1992,7
WA,1994,10
WA,1995,7
WA,1996,6
WA,1997,7
WA,1999,5
WA,2000,6
WA,2001,8
WA,2002,9
WA,2003,9
WA,2004,9
WA,2005,7
WA,2007,18
WA,2008,9
WA,2009,21
WA,2010,13
WA,2012,8
WA,2013,9
WA,2014,10
WA,2015,6
WA,2016,10
WI,1944,6
WI,1947,7
WI,1948,8
WI,1949,5
WI,1950,5
WI,1951,8
WI,1952,8
WI,1953,14
WI,1955,18
WI,1956,19
WI,1957,41
WI,1958,60
WI,1959,81
WI,1960,77
WI,1961,66
WI,1962,53
WI,1963,62
WI,1964,44
WI,1965,54
WI,1966,26
WI,1967,22
WI,1968,29
WI,1969,26
WI,1970,22
WI,1971,8
WI,1972,10
WI,1973,9
WI,1975,7
WI,1976,6
WI,1977,6
WI,1978,5
WI,1914,7
WI,1917,5
WI,1919,8
WI,1926,7
WI,1938,6
WI,1941,10
WI,1943,6
WI,1944,11
WI,1945,8
WI,1946,14
WI,1947,22
WI,1948,28
WI,1949,37
WI,1950,16
WI,1951,52
WI,1952,51
WI,1953,40
WI,1954,59
WI,1955,63
WI,1956,75
WI,1957,86
WI,1958,104
WI,1959,143
WI,1960,154
WI,1961,182
WI,1962,176
WI,1963,150
WI,1964,128
WI,1965,136
WI,1966,141
WI,1967,88
WI,1968,87
WI,1969,92
WI,1970,92
WI,1971,82
WI,1972,61
WI,1973,46
WI,1974,44
WI,1975,40
WI,1976,22
WI,1977,19
WI,1978,16
WI,1979,18
WI,1980,19
WI,1981,11
WI,1982,7
WI,1983,8
WI,1984,5
WI,1985,7
WI,1986,11
WI,1987,10
WI,1988,5
WI,1990,6
WI,1991,8
WI,1993,5
WI,2001,8
WI,2004,5
WI,2008,6
WI,2010,5
WI,2011,5
WI,2012,6
WV,1955,5
WV,1958,6
WV,1959,7
WV,1960,12
WV,1961,7
WV,1962,13
WV,1963,8
WV,1964,7
WV,1967,5
WV,1968,6
WV,1945,6
WV,1946,8
WV,1947,7
WV,1949,13
WV,1950,6
WV,1951,8
WV,1952,8
WV,1953,16
WV,1954,14
WV,1955,9
WV,1956,7
WV,1957,15
WV,1958,35
WV,1959,24
WV,1960,44
WV,1961,50
WV,1962,44
WV,1963,47
WV,1964,39
WV,1965,31
WV,1966,29
WV,1967,39
WV,1968,21
WV,1969,31
WV,1970,23
WV,1971,29
WV,1972,17
WV,1973,13
WV,1974,12
WV,1975,14
WV,1976,16
WV,1977,17
WV,1978,12
WV,1979,9
WV,1980,5
WV,1986,5
WY,1954,6
WY,1960,6
WY,1961,7
WY,1962,10
WY,1950,9
WY,1951,5
WY,1952,6
WY,1953,5
WY,1954,7
WY,1956,8
WY,1957,12
WY,1958,9
WY,1959,10
WY,1960,10
WY,1961,21
WY,1962,9
WY,1963,14
WY,1964,10
WY,1965,12
WY,1966,10
WY,1967,12
WY,1968,11
WY,1969,6
WY,1970,11
WY,1971,6
WY,1972,12
WY,1973,7
WY,1974,8
WY,1977,8
